{
  "numeric": {
    "tenure": {
      "edges": [
        0.0,
        2.0,
        6.0,
        12.0,
        20.0,
        29.0,
        40.0,
        50.0,
        61.0,
        69.0,
        72.0
      ],
      "proportions": [
        0.0878594249201278,
        0.10418885339013134,
        0.09868654597089102,
        0.10738374156904508,
        0.09549165779197728,
        0.1050763223287185,
        0.09229676961306355,
        0.10827121050763223,
        0.09282925097621583,
        0.10791622293219737
      ]
    },
    "MonthlyCharges": {
      "edges": [
        18.4,
        20.05,
        25.1,
        45.8,
        59.0,
        70.5,
        79.3,
        85.65500000000003,
        94.45,
        103.05,
        118.75
      ],
      "proportions": [
        0.09211927582534611,
        0.10667376641817536,
        0.1009939652112176,
        0.09992900248491303,
        0.10010649627263046,
        0.09921902733404331,
        0.1009939652112176,
        0.0997515086971956,
        0.09992900248491303,
        0.10028399006034788
      ]
    },
    "TotalCharges": {
      "edges": [
        18.85,
        84.775,
        270.8,
        560.7250000000001,
        943.1,
        1398.125,
        2088.8000000000025,
        3197.300000000001,
        4512.7,
        5998.475,
        8684.8
      ],
      "proportions": [
        0.10007109847138286,
        0.0998933522929257,
        0.10007109847138286,
        0.0998933522929257,
        0.10007109847138286,
        0.10007109847138286,
        0.0998933522929257,
        0.0998933522929257,
        0.10007109847138286,
        0.10007109847138286
      ]
    },
    "SeniorCitizen": {
      "edges": [
        0.0,
        1.0
      ],
      "proportions": [
        1.0
      ]
    }
  },
  "categorical": {
    "gender": {
      "Male": 0.5028399006034788,
      "Female": 0.4971600993965211
    },
    "Partner": {
      "No": 0.5156194533191338,
      "Yes": 0.48438054668086616
    },
    "Dependents": {
      "No": 0.7019879304224352,
      "Yes": 0.29801206957756476
    },
    "PhoneService": {
      "Yes": 0.9007809726659567,
      "No": 0.09921902733404331
    },
    "MultipleLines": {
      "No": 0.47657082002129925,
      "Yes": 0.42421015264465745,
      "No phone service": 0.09921902733404331
    },
    "InternetService": {
      "Fiber optic": 0.44071707490237844,
      "DSL": 0.3438054668086617,
      "No": 0.2154774582889599
    },
    "OnlineSecurity": {
      "No": 0.4964501242456514,
      "Yes": 0.2880724174653887,
      "No internet service": 0.2154774582889599
    },
    "OnlineBackup": {
      "No": 0.4334398296059638,
      "Yes": 0.3510827121050763,
      "No internet service": 0.2154774582889599
    },
    "DeviceProtection": {
      "No": 0.4387646432374867,
      "Yes": 0.3457578984735534,
      "No internet service": 0.2154774582889599
    },
    "TechSupport": {
      "No": 0.49183528576499824,
      "Yes": 0.2926872559460419,
      "No internet service": 0.2154774582889599
    },
    "StreamingTV": {
      "No": 0.3951011714589989,
      "Yes": 0.38942137025204115,
      "No internet service": 0.2154774582889599
    },
    "StreamingMovies": {
      "No": 0.3935037273695421,
      "Yes": 0.39101881434149804,
      "No internet service": 0.2154774582889599
    },
    "Contract": {
      "Month-to-month": 0.5505857294994675,
      "Two year": 0.24121405750798722,
      "One year": 0.20820021299254526
    },
    "PaperlessBilling": {
      "Yes": 0.5912318068867589,
      "No": 0.40876819311324103
    },
    "PaymentMethod": {
      "Electronic check": 0.33564075257365994,
      "Mailed check": 0.22825701100461485,
      "Bank transfer (automatic)": 0.2208022719204828,
      "Credit card (automatic)": 0.21529996450124245
    }
  },
  "n_bins": 10
}