{
  "metrics": {
    "roc_auc": 0.8471,
    "accuracy": 0.7516,
    "precision": 0.5209,
    "recall": 0.7995,
    "f1": 0.6308,
    "cv_roc_auc": 0.8501
  },
  "best_params": {
    "n_estimators": 450,
    "max_depth": 7,
    "learning_rate": 0.1741904560749216,
    "subsample": 0.8307056041897138,
    "colsample_bytree": 0.8728173046294531,
    "min_child_weight": 8,
    "gamma": 4.59093035781575,
    "reg_alpha": 3.2721006357664946,
    "reg_lambda": 3.3904057137441104
  },
  "n_train": 5634,
  "n_test": 1409,
  "churn_rate": 0.2654
}